id|id_mov|id_tipo_spesa|descrizione
0|2|5|Spesa supermercato MdC
1|4|5|Spesa supermercato MdC
2|8|5|Spesa LIDL Tione
3|9|6|quantita' imprecis di erba
4|10|5|Benzina
5|12|7|4 drink
6|13|6|Maxi acquisto
7|14|1|Cena con Ste e Jack a ristorante cinese
8|15|5|Spesa in campagna da Nico
9|16|5|Acquisto DLC Warhammer II Total War
10|19|5|Nuovo bancomat
11|20|5|Spesa Carrefour
12|21|7|Birra da Hops
13|22|7|Birra da Hops
14|23|2|Pesa x Ste
15|24|6|quantita' imprecis di erba
16|25|2|Mascherine
17|26|7|Birra da Hops
18|27|7|Drink allo Slim
19|28|5|Pedaggio pedemontana
20|29|5|Spesa (?)
21|31|1|Cena alle Striatelle (Ste Jack Chiara)
22|32|5|Pedaggi telepass
23|33|5|Imposta Bollo CC
24|34|5|Drink al Tommasi
25|35|5|Bonifico su carta Hype
26|36|5|Addebito Satispay
27|37|7|Drink allo Slim
28|38|7|4 birre al Confine
29|39|1|Hamburger da Burgez
30|40|5|Cinema Orfeo Tenet
31|41|3|Primark
32|42|7|2 birre da Hop
33|43|7|Birra da Hora Feliz
34|44|6|quantita' imprecis di erba
35|45|1|Deliveroo
36|46|7|3 birre al Confine
37|47|5|Rinnovo Amazon Prime
38|49|2|Borraccia 1L
39|51|2|Stringhe 
40|52|5|Parcheggio Vallesinella
41|53|5|Spesa supermercato MdC
42|54|5|Benzina
43|55|7|2 drink al bar Azzurro
44|56|5|Spesa supermercato MdC grigliata
45|57|1|Cena allo Zeledria (pagato per 2 probabilmente)
46|58|5|Spesa al Ballardini
47|60|5|Addebito Satispay
48|61|1|Cena al Frat�
49|62|5|Spesa supermercato MdC
50|63|5|Parcheggio (Vallesinella) perso
51|64|5|Parcheggio (Vallesinella)
52|65|1|Cena Homestube (pagato x2)
53|66|5|Benzina
54|67|5|Spesa Tione
55|68|5|Parcheggio (Vallesinella)
56|69|1|Mc Donald's
57|71|5|Biglietto ATM
58|72|5|Biglietto del treno
59|73|7|Birra all'Old Fox
60|74|5|Biglietto ATM
61|76|5|Benzina
62|77|1|Birra + cibo a Vallesinella
63|78|7|Serata all'Azzurro
64|80|5|Spesa supermercato MdC
65|81|1|Mc Donald's
66|82|5|Benzina
67|83|5|Prelievo
68|84|7|Birra in Darsena
69|85|2|Retina per funghi
70|86|7|Vino di vineria in Porta Genova
71|87|7|Birre all'Old Fox
72|88|2|Vasetto ermetico
73|89|7|Ignoto pub
74|90|7|Drink allo Slim
75|92|1|Sushi
76|93|6|quantita' imprecis di erba
77|94|2|Mouse wireless
78|95|7|Drink allo Slim
79|96|1|Cena Speckstube
80|97|5|Parcheggio Vallesinella
81|98|5|Imposta di bollo CC
82|99|5|Sim Iliad
83|101|5|Benzina
84|104|5|Bonifico a pap�
85|105|5|Prelievo
86|106|5|Addebito Satispay
87|107|5|Spesa supermercato MdC
88|108|5|Prelievo
89|109|5|Acquisto (?) al Ballardini
90|111|5|Spesa supermercato MdC
91|114|5|Spesa Tione
92|115|5|Spesa LIDL Tione
93|116|3|Vestiti di Decathlon
94|117|7|Drink al Cantun
95|118|5|Vetro cellulare
96|119|2|Reggi occhiali vetro per cellulare sostegno da macchina per cellulare
97|121|3|Primark
98|122|1|Mc Donald's
99|123|5|Acquisti Decathlon (materassino bobmboleta ... )
100|124|5|Cuffie esterne Samsung
101|125|5|Spesa Carrefour
102|128|7|Drink allo Slim
104|133|5|Spesa Carrefour
105|134|2|Cable manager
106|138|7|Ordine a domicilio di Birra (Buttiga)
107|139|5|Mascherine (Davide)
108|140|2|Cuffie interne Samsung
109|145|6|quantita' imprecis di erba
110|147|5|Commissione bancomat acquisto luci Helios Touch
111|148|2|Luci Helios Touch
112|151|5|Addebito Comune di Milano (multa?)
113|152|5|Spesa Carrefour
114|153|5|Prelievo
115|155|5|Benzina
116|156|1|Panino da Snoopy
117|157|5|Pedaggio autostrada
118|159|5|Pedaggio autostrada
119|160|1|Mc Donald's
120|161|5|Benzina
121|162|5|Spesa supermercato MdC
122|163|5|Spesa supermercato MdC (legnetti)
123|164|5|Benzina
124|165|5|Spesa supermercato MdC
125|166|7|Drink all'Azzurro
126|167|5|Spesa supermercato  MdC
127|168|2|Vernici per fioriera
128|169|2|SSD Sandisk spray aria compressa fascette + stringhe
129|171|5|Spesa supermercato MdC (legna)
130|172|1|Mc Donald's
131|173|6|quantita' imprecis di erba
132|174|5|Rimborso Ste
133|175|2|Vetro cellulare (sbagliata + giusta)
134|177|5|Prelievo
135|178|7|3 (4) drink al Cantun
136|179|5|Debito a Ste	
137|181|7|Drink al Cantun
138|182|5|Libro Homo Deus
139|183|7|Birre alla Cambusa
140|184|4|Tabacco Winston blu
141|185|2|Macchinetta Nespresso
142|186|5|Regalo Natale mamma (porta chiavi)
143|187|2|Regalo Natale pap� (casse)
144|188|5|Prelievo
145|189|5|Prelievo
146|190|1|Cena Giulio Pane e Ojo
147|192|2|Mouse wireless lavoro
148|193|2|Cuffie Sony
149|196|5|Addebiti da Comune di Milano (bollettino multa?)
150|197|5|Benzina
151|206|7|Birra all'Old Fox
152|208|1|cena da Mc Donald's
153|209|5|Benzina
154|210|5|Commissioni banca
155|211|2|Cellulare Huawei p30 pro
156|212|5|Addebito su prepagata Hype
157|213|5|Volo per Londra (balzato)
158|214|6|quantita' imprecis di erba
159|222|5|Benzina
160|223|5|Corsi Udemy (Big Data e ML)
161|224|2|Cuffie Boom
162|229|2|USB Sandisk 256 Gb e laccetti
163|230|6|quantita' imprecis di erba
164|231|5|Addebito su prepagata Hype
165|233|7|Birre al Carrefour
166|235|2|Black Desert Online
167|236|7|Vini per cena a casa di Luca Scaccini
168|238|5|Imposta dal bollo CC
169|239|5|Pedaggio autostradale  Milano - Laveno Monbello
170|240|5|Pedaggio autostradale Laveno Monbello - Milano
171|242|7|spesa per Capodanno
172|243|3|Pantaloni e camicia da Primark
173|244|2|Regalo per Tommi (piastra per Waffles) supporto per cuffie e piano rialzato per pc
174|245|3|Camicia Spada
175|247|6|quantita' imprecis di erba
176|248|5|Fattura eliosoccorso
177|249|4|tabacco + cartine + filtri
178|256|5|Aperitivo Carrefour
179|257|1|Sushi burrito
180|259|4|Tabacco + cartine + kit
181|260|2|Regalo Tommi smartbox
182|261|7|Birra Darsena
183|262|7|Birra cingalese
184|263|5|Spesa per casa di Nico
185|266|1|Spesa LIDL
186|267|1|Spesa MdC centrale
187|268|5|Termometro
188|269|4|Tabacco
189|270|1|Spesa MdC centrale
190|271|4|Tabacco + cartine lunghe e corte
191|272|1|Hamburger malga Patascoss
192|273|7|Birra Patascoss
193|274|1|Pizza Pappagallo asporto
194|275|1|Spesa Mdc centrale
195|276|4|tabacco + c. lunghe + filtri
196|277|1|Spesa MdC
197|278|1|Spesa MdC
198|279|4|Tabacco
199|280|4|Filtri
200|281|5|Legnetti + birra
201|283|5|Diesel
202|284|1|Cena Mc Donald's
203|285|5|Redbull + arachidi
204|288|5|Affitto Tenet
205|289|5|Offerta Wikipedia
206|290|4|Tabacco Winston
207|291|5|cena (patatine) + birra
208|292|4|cartine lunge + filtri
209|293|6|quantita' imprecis di erba
210|294|2|Stampe classic/pop art
211|295|2|Cornici per stampe (3)
212|296|5|Spesa x casa Jack
213|297|5|Danno auto pap�
214|298|5|Spesa x cena Teo Ravano
215|301|5|Imposta di bollo
216|302|7|Birra cingalese
217|303|7|Birra cingalese
218|304|6|quantita' imprecis di erba
219|305|7|2 birre piccole
220|307|6|quantita' imprecis di erba
221|309|7|Birra cingalese
222|310|4|tabacco + filtri + lunghe
223|311|7|Birre cingalese
224|312|1|Pizza asporto
225|313|5|Regalo laurea Gio
226|314|7|Drink Slim
227|315|7|Birra Qor
228|317|4|tabacco + corte
229|319|1|Pranzo Mc Donald's
230|320|7|Birre Cambusa
231|321|5|Regolabarba
232|322|7|Birra bar Azzurro
233|323|4|Filtri
234|324|4|Tabacco cartine lunghe accendino
235|325|2|Pentolino Toaks
236|328|5|Benzina
237|329|7|Birra Hop
238|330|2|PC Dell
239|332|5|Area C
240|333|7|Birra Buttiga
241|335|4|Filtri
242|336|5|Area C
243|337|5|Bicicletta mamma
244|338|5|Acconto Bicicletta
245|339|5|Copia chiavi per rimessa bici
246|340|4|Lunghe + filtri
247|341|2|Catena U per bici ramponi
248|342|7|Birre pi� cena 10 Gradi Nord
249|343|7|Drink
250|344|7|birre hops
251|345|5|Spesa a Comabbio
252|346|4|Tabacco
253|348|4|Pacchetto San Patrignano
254|349|7|Birre al Bootleg
255|350|5|Bicicletta
256|351|4|Accendino + cartine
257|352|3|Pantaloni trekking Decathlon
258|353|3|Riparazione pc + cavo hdmi
259|354|2|Spese spedizione pentolino
260|355|5|Spesa Carrefour
261|356|1|Ravioli al vapore Paolo Sarpi
262|357|5|Drink Todos a Cuba e bar Fiore
263|358|1|Pranzo a Pavia
264|359|1|Kebab
265|362|7|Birre English Pub
266|363|4|Tabacco Senza Nome rosa
267|364|4|Tabacco + cartine
268|365|7|Bicchieri di vino Hora Feliz
269|366|6|quantita' imprecis di erba
270|367|7|Birre Cambusa
271|369|7|Drink allo Slim
272|370|3|Fantasmini
273|371|7|Birre al Confine
274|372|1|Piada
275|373|7|Birra al Bootleg
276|374|7|Birre al Confine
277|375|1|Piada
278|376|7|Drink allo Slim
279|378|7|Birra al Confine
280|379|7|Birra al cingalese
281|386|4|Tabcco + cartine
282|387|7|Birre all'Old Fox
283|389|7|Birra alla Cambusa
284|390|7|Birre all'Ostello Madama
285|391|1|Cena ristorante Del Ponte
286|392|5|Fanalino bici
287|393|3|Primark
288|394|7|Birre Cambusa
289|397|5|Paintball
290|398|5|Contante anticipato da Rebecca
291|399|2|Regalo Ste
292|400|4|Pacchetto San Patrignano
293|401|5|Magliette Decathlon + astuccio sellino bici
294|404|5|Reso pacco Amazon + differenza per nuova custodia pc
295|405|1|Hamburger al Confine
296|408|5|Area C
297|409|5|Pedaggi autostrada per Gozzano (A + R)
298|410|5|Birre da Hops
299|411|4|Tabacco Winston
300|412|2|Coperta termica emergenza
301|413|7|Birra al pogue mahone's
302|415|7|Birra da Hop
303|416|1|Pizza a Comabbio
304|418|6|quantita' imprecis di erba
305|419|5|Parcheggio Vallesinella
306|420|5|Spesa Eurospar
307|421|4|Pacchetto S. Patrignano + accendino
308|422|5|Spesa MdC
309|423|7|Negroni all'Azzurro
310|425|2|Noleggio film Dune
311|426|5|Volo Barcellona
312|431|2|Mouse MS + spork + bombola aria compressa
313|433|6|quantita' imprecis di erba
314|434|7|Birre al Bootleg
315|435|1|Cena ristorante Singapore
316|436|5|Regalo Nicol�
317|437|7|Birra Old Fox
318|438|5|Benzina
319|439|4|Filtri + cartine
321|444|7|Birra supermercato
323|446|7|Birre al Bootleg
324|447|1|Gelato Pella
325|449|7|Drink allo Slim
326|450|4|Pacchetto S. Patrignano
327|451|5|Redbull
328|452|5|Cabinovia Doss de Sabion (A+R)
329|453|5|Benzina
330|454|1|Panino da Snoopy
331|455|7|Birra al Bootleg
332|456|6|quantita' imprecis di erba
333|457|5|Reso case cuffie Ste
334|459|5|Addebito Telepass
335|460|5|Imposta di bollo
336|463|2|Differenza nuovo case cuffie Ste
337|464|2|The Hidden Language of Computer Hardware and Software
338|465|5|Acqua ai rifugi
339|466|1|Pranzo alla Genzianella
340|467|5|Notte al rifugio XII Apostoli
341|468|5|Impianti Doss de Sabion
342|469|5|Impianti Grost�
343|471|1|Kebab
344|472|7|Birre al Confine
345|473|5|Spesa per notte al rifugio
346|475|4|Cartine lunghe + filtri + accendino
347|476|5|Nuova sim Iliad
348|477|2|Saponetta Huawei
349|479|7|Birra alla Patascoss
350|480|4|Accendino
351|481|5|Cornetto e acqua rifugio Cornisella
352|482|4|Tabacco
353|483|5|Treno Brescia-Milano
354|484|7|Negroni all'Azzurro
355|485|2|Adesivo pc Dell
356|486|5|Redbull
357|487|6|quantita' imprecis di erba
358|488|2|Regalo Jack coltello
359|493|5|Differenza appartamenti di Barcellona
360|500|7|Birre al Linearetta
361|501|4|Tabacco + filtri + cartine + p. San patrigano x3
362|502|1|Piadina
363|504|3|Primark
364|505|5|Casello Lainate-Arese (A+R)
365|508|5|Giro di drink
367|535|7|Aperitivo al Woodstock
368|536|7|Drink in P. Tripoli
369|537|1|Cena da Singapore
373|551|5|Area C
374|553|4|Tabacco + fuoco
375|554|7|Drink allo Slim
376|555|1|Cornetto in stazione
379|580|5|Corriera Trento - MdC
382|586|1|Kebab a Trento
385|595|1|Panino supermercato
389|602|5|Modulistica nuova sim
390|604|7|Cassa birre divisa
402|662|5|Spesa supermercato MdC
403|663|7|Drink all'Azzurro
414|705|2|Vetro cellulare
417|711|5|Cena a Mondifra
418|712|1|Torte
420|716|1|Soldi grigliata
412|686|5|Bottiglia acqua
421|717|1|Hamburger + Birra a Dolomiti
422|718|2|Caricatore + Thunderbolt
423|720|4|Tabacco
424|723|5|Multa
425|726|7|Birre in pub Via Albertini
426|727|2|Foto da stampare
427|728|2|Powerlink
428|729|2|Poster MdC + cornici
429|733|5|Area C
430|735|5|Dopobarba
431|736|7|Drink allo Slim
432|737|4|Cartine corte
433|738|7|Birra parchetto Martesana
434|739|5|Cena Dottor Wu
435|740|7|Birra Buttiga
436|741|5|Cornice poster rotta
437|742|1|Kebab
438|743|7|Birre alla Cambusa
439|748|4|Filtri
440|749|6|quantita' imprecis di erba
441|753|5|Sistemazione abito (Celestina)
442|754|5|Buste x spedire libri (Ebay)
443|755|4|Porta-brasa + scatoletta (Hakuna Matata)
444|756|7|Birre a Navigli Craft Beer
445|757|1|Pranzo da Mc Donald's
446|758|4|Tabacco
447|759|7|Drink all'Azzurro
449|761|5|Parcheggio Vallesinella
450|763|4|Cartine lunghe + filtri
451|764|1|Redbull + schimica
452|765|5|Orlo pantaloni
453|766|3|Cravatta
454|767|7|Birre al Bootleg
455|768|1|Popcorn al cinema
456|769|7|Drink da Distreat
457|771|5|Costi spedizione per 3 libri venduti su eBay
493|811|2|Batteria macchina fotografica
1010|1747|7|Birra al linea retta
505|834|7|3 birre + pizza in P. Sarpi
507|838|5|Elemosina portafoglio perso
508|839|5|Drink al Panika (pi� uno mezzo rubato)
510|843|5|Regalo Chiara
702|1156|5|Pedaggio A8
521|869|2|Masch. nere + cotton fioc + supporto spazzolino
526|879|5|Ingresso area C
527|880|2|Polistirolo da imballaggio
529|883|5|Biglietti ATM
530|885|7|Drink al piazzo di Canonica
531|886|4|Filtri + pacchetto S. Patrignano
532|887|3|Stringere camicie (2) da Celestina
533|889|4|Tabacco
535|891|5|Brioche + cartine
538|894|7|Vino supermercato
543|900|7|Birra al cingalese
544|901|5|Biglietto ATM
545|903|4|Tabacco
546|905|7|Birra al Linea Retta
547|907|1|Cena da Singapore
548|908|7|Birra al cingalese
549|909|7|Birra da Cia Birretta
550|910|4|Filtri
551|911|4|Filtri + fuoco
552|912|5|Spesa LIDL Tione
553|913|4|Tabacco + cartine
554|914|5|Spesa Ballardini
555|915|1|Panino Locanda S: Antonio
556|916|5|Benzina
558|924|1|Mc Donald's
559|925|2|Age of Empires 4
563|930|2|Porta tabacco
566|933|7|Gin tonic + vino al Linea Retta
567|934|5|Vino + sacchetti spesa Esselunga
575|948|4|Tabacco
581|957|2|Nuove cuffie
584|961|7|Birre al Cia Birretta2
585|963|5|1� parte tattoo
586|964|2|Burro di karit�
588|966|4|Tabacco + cartine
589|967|5|Regalo Tommi (perso)
591|969|5|Birra + nachos a Pazzeria
592|970|4|Pacchetto San Patrignano
593|980|7|Vin Brul�e in Darsena
594|981|7|Drink all'Hora Feliz
596|983|7|Drink allo Slim
597|985|4|Cartine corte
598|986|5|Regalo laurea Omar
599|987|3|Golf verde da Scout
601|989|2|Posticipo volo Amsterdam
602|991|6|quantita' imprecis di erba
603|992|5|Biglietto ATM
604|993|5|Regalo secret santa
605|994|7|4 birre + hamberger + patatine + fritto
606|996|4|Tabacco
607|997|5|Tampone
608|1002|7|Drink al Cantun
609|1003|1|Kebab
610|1005|2|Regalo pap� (affetta ananas)
611|1006|4|Cartine corte + lunghe
612|1007|6|quantita' imprecis di erba
613|1009|5|Spedizione Powerlink
617|1016|7|Birre al cingalese
618|1017|7|Vin brul� al Ritorto
619|1018|4|Tabacco + filtri + clipper
620|1019|5|Spesa MdC
621|1020|7|Vin Brul� in Baracca
626|1026|5|Cena + alcool per Capodanno
630|1031|5|Redbull + barretta
631|1032|1|Hambuerger + mozzarelline da Snoopy
632|1033|5|Differenza cambio pantaloni - dolcevita Spada
634|1035|5|Spedizione libro La Guerra degli Elfi
640|1046|5|Birre + cena al Confine
641|1047|4|Mappe
642|1048|7|Birra con Tommi
643|1049|7|Birra da kebabbaro
644|1053|7|Birra al Bootleg
645|1054|7|Drink allo Slim
646|1055|7|Giro di birre al Confine
647|1056|1|Cena pizza sui navigli
648|1057|7|Shottino sui navigli
649|1058|4|Tabacco
652|1062|5|Regalo Davide (set sushi)
653|1063|5|Multa
656|1068|7|Birre al Confine
657|1069|4|Filtri
658|1070|4|Cartine
662|1075|5|Volo Londra (A + R) 12/13-3
663|1076|5|Biglietto cinema Spiderman
664|1077|7|Birre al Confine
665|1078|4|Tabacco
666|1079|7|Drink + vino al Magenta
667|1080|7|Birre al Confine
668|1081|4|Filtri + cartine
670|1083|7|Birre per cena da Nico
673|1089|6|quantita' imprecis di erba
674|1091|2|Nuovo mouse + spedizione (Subito.it)
676|1096|7|Birre al Linea Retta
677|1097|1|Kebab + baklawa
678|1098|7|Drink al Cantun
679|1099|7|Birra al Bootleg
680|1100|4|Tabacco
681|1102|7|Birra al Craft Beer
682|1103|4|Filtri
683|1104|1|Patatine Amsterdam Chips
684|1110|1|Cena Zeledria
685|1111|5|Spesa supermercato MdC
686|1114|5|Passaggio gatto per Zeledria
687|1115|1|Cena Swisse
688|1116|7|Drink al Swisse
690|1119|5|Birra alla Buttiga
691|1120|1|Cena ristorante wok
692|1121|7|Birra pub in Sarpi
699|1148|5|Foto tessere (4)
700|1149|4|Filtri + cartine
703|1157|1|Cena Lainate
707|1161|7|Birra al Bootleg
708|1162|1|Pizza Spontini
709|1163|5|Fix freni bicicletta
713|1169|1|Trancio pizza Spontini
714|1171|7|Drink posto brutto
721|1180|5|Nuova gomma
1015|1764|5|Lucchetto per stanza ostello
1019|1776|1|Doghnut AH
746|1229|4|Tabacco + kit San Patrignano
738|1216|5|Commissione trasferimento fondi paypal -> cc
748|1231|1|Pizza Spontini + Bounty
749|1232|5|RedBull
750|1235|2|Dizionario dei Chazari (F)
751|1236|5|Orlo e stringimento pantaloni Celestina
752|1237|5|Flaconcini + cerotti
753|1240|1|Panzerotto
754|1241|3|Pantaloni cargo Primark
755|1242|4|Cartine
398|642|7|Drink alla Ca D'oro
415|709|5|Cabinovia Grost� A + R
416|710|5|Parcheggio Grost�
404|665|4|Tabacco
448|760|5|Volo Amsterdam (A + R)
536|892|6|quantita' imprecis di erba
537|893|7|2 birre bottiglia
582|958|1|Cena (Osteria della Concordia) + vino
583|959|6|quantita' imprecis di erba
600|988|5|Spedizione libro Alleanza e Inganno (SW)
627|1027|4|Tabacco
629|1029|4|Cartine + filtri drum
633|1034|3|Differenza cambio scarpe - giubbotto Vintage 55
635|1036|5|Seconda parte tattoo
636|1037|4|Tabacco + clipper
650|1059|6|quantita' imprecis di erba
661|1074|5|Notte in Ostello Londra (12/3)
669|1082|2|DLC (2) Total War Warhammer 2
671|1084|2|Mascherine nere
694|1123|7|Drink da Distreat
698|1147|7|Drinks all'Hora Feliz
715|1172|6|quantita' imprecis di erba
719|1176|4|Tabacco
720|1179|1|Deliveroo
734|1200|5|Addebito Telepass
747|1230|5|Spedizione modem wifi
737|1215|2|Powerbank + sacchi organizza spazio + creme solari
756|1243|7|Birra al Terzo Tempo
757|1244|4|Tabacco
758|1246|5|Spese/rifornimenti lungo Via degli Dei (13-16/4)
759|1250|5|Regalo mamma (profumo)
760|1251|6|quantita' imprecis di erba
762|1253|1|Pizza da Geppo
763|1254|7|Birre al Confine e Blocale
765|1256|2|Differenza reso Amazon per astuccio
766|1257|5|Volo Amsterdam 27/5
767|1258|1|Pranzo a Morimondo
768|1259|1|Muffin e gelato
770|1262|4|Tabacco
771|1263|5|Fix bici Decathlon
777|1270|6|quantita' imprecis di erba
778|1272|1|Pranzo al sushi
779|1273|4|Tabacco
780|1274|7|Drink + shottino
781|1275|1|Kebab
782|1276|4|Cartine corte
785|1279|1|Torta Rabbit Hole
786|1280|3|mutande Primark
788|1284|7|Drink allo Slim
789|1287|1|Coca e Nachos
790|1288|5|MalpensaExpress (A + R)
791|1289|1|Brioche e cartine corte
792|1290|5|Affitto notti 17-18/5 Amsterdam
793|1293|1|Panz. Luini
794|1294|5|Spese ad Amsterdam nei giorni 17-18-19/5
992|1685|1|Cena Mc Donald's
993|1688|7|Drink all'Azzurro
994|1689|4|Tabacco
995|1690|2|Jack to USB
803|1318|3|Mutande pinzette e salviette (Primark)
804|1319|4|Cartine corte
816|1345|7|Birra + acqua al Terzo Tempo
1004|1726|2|Lucchetti specchietto astuccio cavi astuccio passaporto targhetta da valigia
1006|1740|5|Fanale posteriore bici 
817|1346|4|Tabacco
818|1347|1|Hamburger Mc Donald's
819|1348|5|Navetta Schiphol 
820|1349|6|CoffeeShop Club Media
821|1350|1|Mc Donald's + Febo
822|1369|1|Kebab + Backlawa
824|1390|1|Schifezze macchinette
825|1391|5|Tariffa prelievo ATM
826|1395|5|Spedizione costume Volcom
827|1396|5|My genius platinum bancomat
828|1398|6|Coffeshop Club Social Media
832|1409|3|CoffeShop Club Social Media
833|1410|1|Schifezze macchinette
834|1412|1|Cibo macchinette
835|1413|6|1 G Ak-47 + 1 preroll
836|1415|5|Volo riorno da Amsterdam
837|1416|6|2g weed 1g fumo filtri
838|1417|5|Schifezza macchinette
840|1423|4|Sigarette
842|1430|6|1 g Pineapple Haze
846|1438|1|Pizza e limoncelli
848|1445|1|Hmbuerger (The Butcher)
849|1446|1|Burrito
850|1447|1|Burger King Schiphol
851|1448|1|Schifezze all'Areoporto
852|1449|1|StrropWafel
853|1450|5|Addebito Telepass
854|1451|7|Birra all'English
855|1453|6|quantita' imprecis di erba
856|1454|4|Tabacco + filtri
860|1461|1|Mc Donald's
861|1463|5|Imposta bollo
862|1464|5|Addebito mensile Budget Mobile (errato)
864|1467|5|Parcheggio Grost�
866|1475|1|Panino + Redbull a Tovel
875|1492|5|Viaggio in Thailandia (2-14/8)
869|1481|5|Accendino MdC
1007|1741|4|2x Rothmans
1008|1742|7|Birre al Confine (5� messi da Eugi)
873|1489|5|Appartamento Praga (26-29/8) prima parte
874|1490|5|Volo Praga (A+R)
876|1493|1|Panino Subway
877|1494|5|Corriera MdC - Trento
881|1500|5|Biglietto ATM + mascherina
883|1502|1|Pizza da Mimmo
886|1505|5|Zaino 23-27L Quechua
1188|2222|5|Macchinette
889|1509|5|MXP ritorno
890|1510|2|Spinotto e cavi USB C
891|1511|5|Acqua macchinette
892|1512|1|Deliveroo burrito
905|1528|5|Libro Via Francigena in Toscana
907|1530|4|Sigarette
908|1531|1|Kebab
909|1532|7|Drink al Cantun
928|1562|1|Pranzo/colazione Mc Donald's Orio al Serio
929|1563|5|Acqua in aereo
930|1564|5|Spese viaggio Praga 26-29/8
931|1565|5|MXP
1009|1745|4|Filtri
1016|1768|5|Sprite
1018|1772|5|Annullamento ordine vendita orologio Tissot
1022|1783|4|Cartine corte
1027|1800|6|1 g AK-47
1028|1801|4|Tabacco + corte + pacchetto S. Patrignano
1029|1806|1|Macchinette
955|1592|6|quantita' imprecis di erba
1032|1814|4|Filtri
1036|1824|6|1g Amnesia
969|1617|2|(Nuova) toppa Thailandia
970|1618|4|Tabacco e filtri
972|1620|7|Drink allo Slim
978|1653|2|Foto 2021 - 2022
982|1657|4|Tabacchi
983|1658|1|Panzerotti Luini
984|1659|5|Redbull
985|1660|7|Drink in posto vicino Scala
986|1663|4|Pacchetto S. Patrignano e filtri
987|1665|7|Birra
1037|1825|1|Biscotti AH
1038|1830|1|Macchinette
1040|1834|7|Birra
1041|1835|6|2g Enemy of the State
1042|1839|5|Macchinette
1051|1864|5|Macchinette
1052|1867|5|Macchinette
1062|1883|6|1g coffeeshop 137
1054|1869|2|Maglione Lotr
1063|1884|1|Schimica AH
1064|1885|7|Birre in giro
1065|1893|2|Rasoio elettrico e bagnoschiuma
1072|1912|5|Macchinette
1074|1919|6|2g public enemy 1 india hash
1075|1928|5|Macchinette
1076|1931|4|Pacchetto S. Patrignano
1082|1948|7|Birra in ostello
1092|1981|7|Birre da Homeland
1093|1984|5|Macchinette
1098|2002|5|Macchinette
1099|2004|4|Tabacco
1100|2007|5|Redbull al coffee
1101|2008|6|2g weed
1102|2010|4|Pacchetto S. Patrignano
1103|2012|5|Guanti
1104|2015|5|Macchinette
1107|2031|5|Macchinette
1108|2035|6|2g Central Coffeeshop
1109|2037|5|Macchinette durante Hacjathon
1110|2039|5|Macchinette
1114|2049|5|Macchinette
1117|2057|1|Macchinette + ciambella
1120|2063|4|Cartine lunghe + corte
1119|2061|5|Macchinette
1121|2064|6|2g Enemy of the State
1122|2065|3|Primark muande calze e pantaloni
1123|2066|7|Birre
419|713|4|Accendino
502|829|5|Pedaggio casello A8
503|832|3|Calze da Primark
540|897|7|Birre in giro
541|898|1|Kebab + baklawa
557|917|2|WiFi x PC fisso
614|1011|5|Regalo weed
615|1014|5|Brioche+ cartine lunghe
616|1015|2|Regalo Tommi (supporto x joystick)
622|1021|5|Regalo mamma (portachiavi)
623|1023|4|Cartine corte
675|1093|5|Ruota forata bici
689|1117|4|Tabacco
728|1191|7|Drink allo Slim
783|1277|1|Panzerotto
784|1278|7|Birra
807|1323|5|Toppa su zaino
1005|1734|7|Birre al Confine
1023|1785|2|Abbonamento Kamernet 15 giorni
863|1465|5|Redbull macchinette
867|1477|4|Tabacco + mappe
878|1497|5|Volo andata Thailandia (perso)
879|1498|5|Taxi ritorno a casa
882|1501|7|2 birre 1 drink
884|1503|5|Tampone molecolare Malpensa
885|1504|2|Biglietto MXP
1026|1798|5|Macchinette
1030|1808|5|Commissione bonifico istantaneo
1033|1816|5|Macchinette
1039|1833|4|Tabacco e cartine
1049|1857|5|Macchinette
1079|1940|5|Macchinette
1080|1945|6|1g Amnesia Have + h2o
1084|1956|4|Accendino
1085|1957|5|Macchinette
1086|1958|6|2g Enemy of the State
1087|1960|5|Macchinette
1088|1970|5|Macchinette
1089|1971|4|Cartine
1106|2026|4|Cartine
1111|2042|5|Macchinette
1112|2044|5|Regalo Natale mamma campanello bici
1113|2047|6|2g Enemy of the State
1124|2068|1|Doughnut
1125|2070|5|Schimica
1126|2071|6|2g Enemy of the state e redbull
1127|2074|1|Patatine e macchinette
1128|2078|5|Macchinette
1129|2080|5|Patatine
1130|2085|7|Birra Old Fox
1131|2088|2|Darktide
1132|2089|7|Birra 
1140|2110|4|Tabacco + gas
1141|2111|7|Alcool natalizio
1142|2112|5|Spesa di Capodanno
1143|2113|4|Cartine lunghe corte filtri accendino
1145|2117|7|Birra Codi Buttiga
1147|2122|2|Convertitore usb-c ethernet lunchbox
1148|2123|5|Zaino FjallRaven
1149|2124|7|Birre all'English
1152|2127|4|Tabacco e accendino
1154|2131|7|English pub
1155|2133|1|Cena Singapore
1156|2134|7|Aperitivo P.ta Venezia
1157|2135|5|Biglietto ATM
1158|2142|1|Baklava
1159|2143|2|Regalo Davide pantofole
1160|2144|4|2 Rothmans
1161|2145|5|Cartucce stampante non compatibili
1162|2149|5|Tasca borraccia e portachavhi FjallRaven
1163|2150|4|Cartine lunghe e filtri
1164|2152|6|2G White Widow
1165|2162|6|2g Amnesia Haze
1176|2189|6|1g SSH e 1g fumo
1167|2173|4|Tabacco Marlboro
1177|2198|6|1g fumo 1g erba
1169|2176|6|2g
1170|2177|6|2g
1178|2199|5|2
1179|2201|6|1g Amnesia Lemon
1184|2211|5|Spesa per messicano
1185|2214|6|2g erba
1189|2224|6|1g hash
1190|2229|6|2g erba
1191|2230|6|1g erba
1192|2233|5|Macchinette
1193|2235|6|1g fumo
1194|2237|6|2g erba
1195|2239|4|Pacchetto S. Patrignano
1196|2241|4|Tabacco
1197|2242|5|Macchinette (sbaglio)
1208|2261|6|1g weed
1199|2244|5|Macchinette
1200|2246|5|Spedizione Mouse wireless
1201|2247|6|1g droga
1206|2257|6|2g weed
1207|2259|5|Macchinette
1209|2262|4|Pacchetto S. Patrignano
1210|2265|5|Macchinette
1212|2267|5|Spese bancomat
1213|2269|6|1g fumo 1g weed
1214|2270|5|Macchinette
1215|2271|4|Tabacco
1216|2273|5|Macchinette
1217|2274|5|Macchinette
1218|2276|6|1g fumo 1g weed
1219|2277|5|Macchinette
1220|2278|5|Macchinette
1227|2293|5|Ricarica Iliad random
1228|2294|6|Joint e accendino
1229|2296|5|Biglietto tram
1230|2297|6|Join e accendino
1241|2327|6|2g fumo
1242|2329|4|Tabacco
1243|2330|5|Macchinette
1244|2332|5|Macchinette
1247|2337|7|Birre per King's Day
1246|2335|6|1g weed
1248|2338|5|Schimica Febo
1249|2343|5|Spesa mezzi Amsterdam (?)
1250|2345|6|1g fumo 1g weed coffeeshop Centraal
1251|2348|5|Bounty e spray catena bici
1252|2349|5|Macchinette
1253|2355|6|2g Coffeeshop Central
1254|2357|4|Tabbacco
1255|2363|5|Macchinette
1256|2364|5|Macchinette
1257|2365|6|2g Amsterdam Central
1258|2366|5|Bounties
1259|2368|5|Mappe
1260|2377|5|Macchinette
1262|2380|5|Macchinette
1263|2381|5|Macchinette
1266|2387|5|Biglietto Shelter
1267|2388|6|1g erba
1279|2409|6|1g erba (sera successiva)
1269|2390|5|Mezzi ?
1270|2392|6|1g erba
1271|2393|1|Mc Flurry
1272|2395|5|Rimborso Omar + 2e ciulati
1273|2399|5|Macchinette
1274|2400|7|Bicchiere vino Kanteen
1280|2410|6|1g fumo
1276|2403|4|Pacchetto sigarette
1277|2404|7|Drink Shelter
1278|2408|4|Tabacco
1286|2425|1|Macchinette
1287|2427|6|1g erba 1g fumo
1288|2429|5|Viaggio metro
1289|2432|6|1g Ice-o-lator
1290|2433|7|Birra birreria Brouwerij 'T Ij
1291|2435|1|Macchinette
1292|2442|6|1g fumo
1294|2447|4|San Patrignano
1295|2449|6|1g weed
1296|2450|5|7
1297|2454|6|1g fumo
1298|2457|1|Macchinette
1299|2458|6|1g weed (perso)
1300|2459|7|2 birre festival davanti Codam
1301|2460|4|Tabacco
1302|2461|5|Acquisti Action: sellino mattarello e confezione di Lion
1303|2462|6|1g fumo 1g erba
1304|2464|5|Serata Awakenings 19/10
1305|2466|1|Pacchi di pasta
1306|2468|1|Macchinette
1307|2470|6|2g erba + mappe
1308|2478|6|Coffee Central
1309|2479|6|1g Central 1g Boerejongens
1310|2481|1|Chimica AH
1311|2484|4|Tabacco + pacchetto S. Patrignano
1312|2487|1|Macchinette
1313|2488|1|Macchinette
1315|2496|6|1g hash 1g weed Boerejongens
1316|2497|6|1g hash Boerejongens
1317|2498|6|10g fumo
1318|2499|5|Errato acquisto biglietto MXP (PD)
1319|2502|5|Spesa CF
1320|2503|1|Kebab Trento
1321|2504|7|Drink all'Azzurro
1322|2505|4|Cartine lunghe
1325|2508|7|Grappe all'Azzurro
1324|2507|7|Vino all'Azzurro
1326|2509|7|Birra al Tuckett
1327|2510|5|Acquisti Decathlon: sacca 10L impermeabile 3 magliette 2 costumi
1328|2515|5|Soldi vari anticipati da Omar a Campiglio
1333|2530|5|Sapone da barba e dopobarba coltelleria Rivola
1334|2535|1|Burger King Schiphol
1335|2542|7|Birre Cafe Krull
409|682|4|Cartine corte doppie
534|890|7|Birre al Bootleg
411|684|5|Aperitivo Ritorto
542|899|5|Ingresso Area C
562|929|1|Burgez
564|931|2|Bomboletta aria compressa + mascherine nere
568|937|4|Cartine corte
569|941|6|quantita' imprecis di erba
570|942|5|Acconto tattoo
571|944|7|Birre alla Cambusa
572|945|7|Shottino + drink
573|946|1|Pite gyros
579|955|7|Birra all'English
580|956|4|Filtri + cartine
693|1122|5|Preservativi
695|1140|4|Tabacco + filtri + cartine
696|1141|1|Panzerotti
697|1145|6|quantita' imprecis di erba
701|1152|1|Bounty
764|1255|4|Filtri + pacchetto S. Patrignano
773|1266|4|Cartine
774|1267|1|Piazza Spontini
775|1268|5|Spedizione carta Revolut
776|1269|5|Biglietti ATM
787|1283|4|Cartine lunghe + filtri
814|1343|5|Ticket area C
815|1344|3|Kway e maglietta
831|1405|1|Donoughts
839|1421|6|Weed divisa con Maas
857|1455|6|quantita' imprecis di erba
858|1456|7|Birre a cingalese
859|1459|1|Macchinette Scala
895|1516|5|Treno Milano - Lucca
1261|2378|6|2g Coffeeshop Central
1293|2444|6|1g fumo 1g weed
900|1523|1|Subway in areoporto
901|1524|1|Bevande in areoporto
902|1525|5|Addebito SIM chiamata in India
903|1526|5|Volo Milano - Bangkok
996|1692|1|Croissain e kebab
1046|1849|5|Macchinette
1047|1850|4|Pacchetto S. Patrignano
1137|2104|1|Cena burrito
1138|2105|5|Soldi a Tommi
1180|2203|4|Pacchetto S. Patrigano
1181|2204|5|Macchinette
1182|2206|6|2g fumo Abraxas+ preroll Gelato
1331|2528|7|Birra al Confine
1332|2529|2|Cotton fioc e vetro cellulare su Amazon
1336|2543|6|1g weed
1337|2544|1|Cena W2W
1344|2551|6|1g fumo Boerenjongen
1339|2546|7|2 Birre Browerij
1345|2552|6|Cookies drogati
1341|2548|1|Cena da Nude Burger
1342|2549|7|Birra al Bulldogg
1343|2550|6|1g weed Rookies
1346|2556|4|Pacchetto S. Patrignano
1347|2558|7|(5) birre da Homeland
1348|2559|6|1g weed 1g hash Coffeeshop Central
1349|2561|6|1g weed 1g hash Coffeeshop Central
1350|2564|4|Cartine lunghe
1351|2565|6|1g weed 1g hash Coffeeshop Central
1352|2567|1|Ciambella Dunkin' Donuts
1353|2569|5|Metropolitana
1354|2571|4|Pacchetto S. Patrignano
1355|2572|6|1g weed 1g hash Coffeeshop Central
1356|2577|5|Metropolitana
1357|2578|5|Porta oggetti da cucina
1358|2580|6|1g hash 1g weed Coffeeshop Central
1359|2582|6|1g weed 1g hash Coffeeshop Central
1360|2588|1|Dolci polacchi
1361|2592|4|Tabacco e cartine
1362|2594|6|1g weed 1.5g hash Coffeeshop Central
1363|2595|4|Cartine
1364|2599|5|Fix bicicletta
1365|2600|6|1g weed coffeshop Hawaii
1366|2606|6|1g hash 1g weed coffeshop Central
1367|2612|6|1g weed 1g hash coffeeshop Central
1368|2613|1|Macchinette
1369|2615|6|1g weed 1g hash coffeeshop Central
1370|2619|2|Monitor MSI
1371|2620|4|Tabacco
1372|2623|6|1g weed 1g hash Coffeshop Central
1373|2625|6|1g weed 1g hash coffeshop Central
1374|2626|5|ATM Amsterdam
1375|2627|5|Acquisti Action (soffione doccia fari bici pulisci vetri doccia ciabatta)
1376|2629|4|Pacchetto S. Patrignano
1377|2631|5|Cuffiette regalo Natale Tommi
1378|2640|6|1g hash 1g weed Boerejongens
1379|2642|6|1g weed 1g hash coffeeshop Central
1380|2645|4|Pacchetto S. Patrignano
1381|2646|1|Colazione AH
1382|2648|1|Colazione Mac Donald's
1383|2650|5|Secret Santa Ludo
1384|2651|3|Calze da SocksWeLove
1385|2652|3|Pantaloni (2) da Primark
1386|2655|2|TW Warhammer III
1387|2656|2|Acquisti Amazon
1388|2657|5|Ricarica Iliad
1390|2660|7|Birra da Ci� Birretta
1391|2661|7|Birre da Hops
1392|2662|6|Fiorellini e tabacco
1393|2663|5|Cena di classe
1394|2664|5|Acquisti Decathlon (Davide)
1395|2665|7|Bottiglia di vino
1396|2669|1|Colazione Mc Donald's
1397|2670|7|Birre all'Old Fox
1398|2672|5|Regalo Egle
1399|2675|7|Birra all'Old Fox
1404|2680|7|Birra al LineaRetta
1405|2682|5|Biglietti ATM
1413|2693|6|5g fiorellini
1412|2692|3|Paio di calze da Scout
1414|2694|7|Birre al Woodstock
1415|2695|4|Mappe e fotocopie
1416|2696|5|Piattini da soia
1417|2697|1|Pizza fritta Sorbillo
1418|2698|7|Drink
1420|2704|5|Treno + metropolitana
1421|2705|1|Macchinette
1422|2709|1|Macchinette
1423|2713|1|Macchinette
1424|2714|1|Macchinette
1425|2715|1|Macchinette
1426|2716|7|Birre Hannekes Boom
1427|2722|5|Acquisti Action
1428|2733|7|Caraffe di Birra Hannekes Boom
1438|2761|6|1g hash Coffesshop Central
1439|2762|4|Cartine lunghe
1440|2765|1|Macchinette
1441|2767|4|Tabacco
1442|2776|1|Macchinette
1444|2786|5|Prova 'free' 1 week resume.io
1445|2791|2|Sapone da barba
1446|2794|6|1g hash + mappe coffeeshop Central
1447|2795|1|Macchinette
1448|2797|1|Macchinette
1449|2800|5|Mancata obliterazione biglietto treno
1451|2804|6|5g fumo
1452|2805|5|Ricarica Iliad
1453|2806|7|Birra
1454|2807|5|Abbonamento allungato resume.io
1455|2808|5|Regalo compleanno mamma
1456|2809|4|Tabacco
1457|2811|7|Birre Cia Birretta
1458|2812|1|Cena Bk (Schiphol)
1460|2826|6|1g hash Amsterdam Central
1462|2831|6|1g hash Amsterdam Central
1463|2834|6|Hash rimasto da Amsterdam Centraal
1464|2835|4|Cartine lunghe
1465|2836|6|1g hash coffeeshop Centraal
1466|2839|6|1g hash Coffeeshop Centraal
1467|2843|1|Macchinette
1468|2846|4|1g hash coffeeshop Centraal
1469|2848|4|Tabacco e cartine
1474|2863|6|1g hash coffeeshop Centraal
1476|2868|6|1g hash coffeeshop Centraal
1477|2869|5|Mezzi di trasporto per King's Day
1478|2873|6|1g hash coffeeshop Centraal
1487|2885|7|Negroni
1480|2875|4|Tabacco
1481|2876|5|Mezzi di trasporto per/da MusicOn
1482|2878|7|Moscow Mule
1483|2879|6|2g weed Centraal per compleanno Lmuzio
1484|2881|5|Metro Am
1485|2883|6|1g hash Centraal
1486|2884|5|Ticket MusicOn
1491|2891|5|Rinnovo resume.io (errore)
1489|2889|6|1g weed Katsu
1490|2890|5|Rinnovo resume.io (errore)
1492|2892|5|Reinvio nuova carta ABN
1493|2893|5|Reinvio carta Revolut
1494|2894|5|Stampa documenti per remissione garbage tax
413|693|4|Tabacco + filtri
628|1028|1|Pizza + torta alla Patascoss
716|1173|7|Alcool per compleanno
717|1174|1|Pizza
739|1218|3|Vestiti Primark (maglietta camicie e infradito)
740|1219|5|Deodorante + dentifricio + b. schiuma
741|1220|5|Transito Area C
742|1221|1|Brioche
1017|1769|1|Smarties
772|1264|7|Birra da Hop
843|1433|6|1 G OG Kush + succo anaas Bushdoctor
844|1434|5|Doughnuts
845|1435|4|Pacchetto sigarette
887|1507|5|Cambio euro-bat Thailandia
893|1513|2|Secondo pagamento affitto AirBnB Praga
1066|1899|6|1g di drga
1067|1901|5|Macchinette
1068|1905|6|1g super silver haze
1069|1906|5|Succhi
1070|1907|7|Giro di birra
1071|1909|7|Birra pub
1133|2097|5|Orlo pantaloni stringere golf e maglia lotr
1134|2098|5|Cavo Ethernet
1144|2115|2|Supporto pc
1146|2118|7|Birra e coca post Capodanno
1264|2384|6|2g erba Coffeeshop Central
1265|2386|4|Tabacco
1281|2412|1|Schifezze varie
1282|2413|6|1g erba
1283|2414|1|Macchinette e colazione AH
1284|2415|1|Macchinette
1285|2416|6|1g erba 1g fumo
1429|2735|1|Macchinette
1443|2778|6|1g hash coffeeshop Central
1461|2829|7|Birre per Pasqua Isly
1472|2860|6|1g hash coffeeshop Centraal + cartine
1473|2861|1|Hambuerger veg
1495|2898|6|1g hash Boerenjongens
1496|2901|6|1g hash Boerenjongens
1497|2902|7|Birre Hannekes Boom
1498|2904|5|Libro kindle ADHD
1499|2906|6|1g hash Boerenjongens
1500|2907|4|Cartine lunghe
1502|2911|1|Macchinette x2
1503|2913|2|Vermintide 2
1504|2918|6|5g hash Boerejongens
1536|3207|4|Mappe
1537|3211|2|Cavo displayport
1538|3212|1|Macchinette
1539|3213|1|Macchinette
1540|3216|5|Monitor supporto braccio e cavo HDMI
1541|3218|5|Ciabatta MediaMatic
1542|3219|6|5g hash Boerejongens
1543|3220|7|Birre e birre analcoliche sbagliate spesa AH
1544|3224|6|1 pre-rolled joint Bushdocter
1545|3225|4|Tabacco
1546|3227|6|2g Hash Boerejongens
1547|3228|2|Fallout 4 on Steam
1548|3229|1|Oatmeal cookies AH
1549|3230|1|Macchinette
1550|3231|6|5g fiorellini
1551|3235|7|Birra Cafe Clubino
1552|3238|3|Maglietta bianca e nera Decathlon
1553|3239|5|Ricarica Iliad
1554|3240|5|Bollettino patente
1555|3241|4|Tabacco+mappe+filtri
1556|3242|5|Cabinovia Dos de Sabion A+R
1557|3243|5|Biglietto Awakenings
1558|3244|6|5g fiorellini
1559|3245|5|Parcheggio Vallesinella
1560|3246|7|Birre
1561|3247|5|Spesa per notte a baita Brenta Alta
1562|3248|7|Drink all'Azzurro e sigarette
1563|3249|5|Spedizione nuova patente
1564|3253|6|5g fiorellini neri
1565|3257|1|Hamburger Coruja
1566|3259|5|Navetta V. brioche e coca cola
1567|3260|4|2 tabacchi Rothmans
1568|3261|4|p. San patrignano
1569|3263|1|Grigliata ferragosto
1570|3264|5|Ricarica Iliad
1571|3265|5|Spesa LIDL
1572|3266|7|Negroni alla Patascoss
1573|3267|5|2g fumo da Ste + sigarette
1574|3268|1|Pizza Pappagallo
1575|3269|4|Sigarette
1576|3270|7|4 Negroni chalet FIAT
1577|3271|6|5g fiorellini
1578|3274|1|Tagliere al FIAT
1579|3275|7|Vino al Pappagallo
1580|3278|5|Aperitivo Malga (a Ste)
1581|3280|5|Beneficienza (Breadline Africa NL)
1582|3281|5|Vino per pap� e coca cola
1583|3282|5|Spugne sottili e muffin (Amort Spiazzo)
1584|3284|3|Set 3 mutande da Primark
1585|3293|6|5g Black Block Boerejongens
1587|3301|6|5g hash Boerejongens
1588|3302|4|Mappe
1593|3314|6|2g hash Boerejongens
1595|3320|5|Mia parte de FunFunghetti
1596|3321|5|Libro ricomprato The Art of Lazyness (Antonio)
1597|3322|5|10g fiorellini
1598|3327|1|Muffin stazione Novara
1599|3329|1|Kebab Trento
1600|3330|5|Ricarica Iliad
1601|3331|4|2 Tabacchi Rothmans e c. lunghe
1602|3332|5|Parcheggio Vallesinella
1603|3333|5|Bottiglie d'acqua al Casinei
1604|3334|5|Sapone da barba Rivola
1605|3337|6|2g hash Boerejongens
1606|3338|1|Macchinette x2
1608|3356|1|Panzerotto Luini
1609|3363|6|5g hash Boerejongens
1610|3365|4|Sigarette
1611|3366|4|Pacchetto S. Patrignano
1612|3372|1|Macchinette
1613|3374|5|Ticket Awakenings Brutalismus 3000
1614|3375|6|2g mdma
1615|3376|4|Sigarette (Max)
1616|3377|5|Mia parte rum vaniglia
1617|3382|1|Biscotti pre rave AH
1618|3384|6|5g hash boerejongens
1619|3386|5|Spesa pre rave
1620|3387|5|Bottiglia d'acqua al festival
506|837|5|Imposta da bollo cc
565|932|1|Kebab
576|949|4|Pacchetto S. Patrignano
577|952|5|Lavaggio giacca
578|953|7|Birra al Bootleg
595|982|4|Tabacco
624|1024|5|Latte e biscotti
625|1025|7|Drink all'Azzurro
1025|1789|1|Twix
725|1187|1|Tortina 
726|1188|7|Birra English Pub
727|1189|1|Mc Donald's
880|1499|5|Zaino 4 magliette (2 merino) fissa-gancio bici e pantaloncini Decathlon
730|1194|7|Birra al confine
731|1195|1|Kebab + baklawa
732|1196|1|Trancio di pizza Spontini
733|1197|2|Mascherine + nuova cornice
896|1517|5|Spesa pre trekking
897|1518|5|Acquisti Decathlon barrette pantaloncini e maglietta bianca
910|1533|5|Spese lungo VF (Lucca)
911|1534|5|Treno CasteFiorentino - Trento
912|1535|5|Snack di ritorno verso Trento
913|1536|4|Sigarette
914|1537|7|Drink all'Azzurro
915|1538|5|Spesa grigliata
1073|1917|5|Macchinette
1105|2024|5|Macchinette
1139|2106|1|Cena di Natale classe
1171|2178|5|Acquisto AH
1172|2179|4|S. Patrignano
1173|2180|7|Birre AH
1174|2181|6|1g fumo
1175|2182|5|Bicicletta
1330|2526|6|5g fiorellini
1470|2850|1|Colazione Dirk
1471|2857|6|1g weed Sativa coffeeshop
1586|3294|4|Cartine lunghe
1594|3315|4|2 mappe filtri e accendino Amsterdam Genetics
522|870|5|Ingresso Area C
587|965|1|Hamburger + birra al Murphy's Law
590|968|5|Regalo Tommi (Cyberpunk 2077)
672|1085|7|Birra alla Strada
704|1158|7|Birre al Linea Retta
705|1159|1|Piadina e mezza
706|1160|4|Tabacco + cartine
710|1165|1|Panzerotto + cannolo
711|1166|7|Birra al Bootleg
712|1167|4|Tabacco + filtri + cartine
761|1252|5|Toppa VdD + spedizione
796|1309|5|Fix bici
808|1324|5|posto leg room volo 27/5
809|1325|5|Biglietto Malpensa Expresso volo 27/5
810|1327|5|Spedizione bretelle
841|1428|7|Birre 
1024|1786|5|Fanta exotic
1083|1951|5|Macchinette
1090|1972|6|1g fumo Easy Times
1094|1986|5|Macchinette
1095|1988|5|Spedizione pc
1096|1990|6|2g Enemy of he State
1097|1997|5|Macchinette
523|872|5|Ingresso area C
524|873|4|Tabacco
560|926|4|Tabacco + cartafiltro
561|927|7|Birre da Hop
637|1039|5|Addebito Telepass
638|1040|5|Imposta bollo
639|1041|1|Cena all'Home Stube
659|1072|7|Aperitivo al Metropolis
660|1073|7|Birra da Hops
718|1175|2|Cornice + vetro + cover
769|1260|5|Ingresso area C
980|1655|2|Stampa foto Thailandia
997|830|5|Cravatta + papillon + fascia + grembiule da Manzoli
998|831|5|2 camicie + 2 pantaloni + calze da Primark
1011|1750|6|1g Blueberry
1012|1751|5|The zenzero
1013|1753|4|Cartine/filtri + filtri drum
1043|1843|5|Macchinette
1044|1845|5|Affitto locker 12h ostello
1045|1846|7|Birra
1081|1947|5|Ricarica singola su Iliad
1115|2052|5|Regalo ap� supporto pc
1116|2053|5|Macchinette
1514|3061|6|1g hash Boerejongens
1515|3062|6|5g hash Boerejongens
525|877|5|Biglietto ATM
574|947|5|Regalo Ludo
651|1060|6|quantita' imprecis di erba
654|1064|5|Fix camicia da Celestina (40� li ha pagati il papi)
655|1065|2|Sbarra per trazioni
813|1342|2|Elastici + cuffie wired (+ spedizione in Olanda)
894|1514|2|Toppa Thailandia
904|1527|5|Spese vacanza Thailandia (2-14/8)
1002|1723|5|Deodoranti testa rossa
979|1654|2|Toppa Amsterdam
991|1677|5|Harari - Sapiens
1003|1724|5|Autenticazioni siti affitti Amsterdam
1014|1757|6|2g (Popeye Coffeeshop)
1020|1777|6|2g Popeye
1021|1778|1|Schifezze macchinette
1048|1853|5|Abbonament Woning365 (non voluto)
1050|1860|5|Macchinette
1135|2099|1|Mc Donald's
1136|2100|6|Fiorellini 10g
1231|2306|6|1g droga
1232|2307|6|1g fumo
1233|2311|5|Ricarica Iliad
1234|2312|6|2g hash
1235|2314|6|1g weed
1236|2315|5|Spesa treno Amsterdam Den Haag (Leiden)
1237|2316|5|Tram a Den Haag
1238|2317|5|Autobus Leiden Den Haag
1239|2318|6|2g erba scarsa Den Haag
1240|2324|5|Macchinette
1459|2818|2|DLC Total War WH3
1031|1812|6|2g D Haze
829|1399|5|Ricarica Iliad per giga
830|1400|6|2g White Widow - Club Social Media
847|1444|5|Biglietto ATM
870|1484|5|Spesa per grigliata
1034|1819|5|Macchinette
1035|1822|5|Ricarica manuale Iliad (errore)
1077|1934|5|Macchinette
1078|1935|7|Birra + negroni
1186|2219|6|2g droga
1187|2220|5|Macchinette
1223|2285|6|1g hash 1g weed
1222|2284|5|Macchinette
1224|2286|5|Macchinette
1225|2287|4|Cartine
1226|2289|5|Birre
1400|2676|2|Acquisti Amazon #2: bombola gas cover cuffie desk mat ssd 1 Tb e cavo ethernet
1401|2677|5|Regalo pap� rasoio
1402|2678|1|Spesa Natale Carrefour
1403|2679|7|Birre all'Old Fox
1406|2683|7|Drink al Magenta
1407|2684|5|Biglietto corriera (perso)
1408|2685|1|Kebab a Trento
1409|2687|1|Pranzo Nozza
1505|2926|5|Reinvio bancomat
1506|2927|5|Abbonamento resume.io (PD)
1507|2930|4|Tabacco e cartine
1202|2249|5|Differenza guadagno 60� trench (40%) e vendita mouse (48)
1203|2252|6|1g Hash
1204|2253|5|Cappellino
1205|2254|5|Macchinette
1430|2743|1|Colazione AH
1431|2744|1|Pizza Kanteen
1432|2748|5|Guanto doccia
1433|2749|1|Macchinette
1434|2750|1|Macchinette
1435|2751|1|Macchinette
1436|2752|1|Macchinette
1437|2753|5|Biadesivo
1589|3304|5|Portadocumenti Ralph Lauren da Peter
1590|3306|5|Abbonamento annuale Amazon Prime
1592|3309|1|Spesa per cena da Lorenzo
